biblioteca,tipo,tempo_medio,tempo_mediana,tempo_min,tempo_max
Dask,números,1.3140703201293946,1.3119196891784668,1.2272710800170898,1.4124634265899658
Dask,strings,3.1573767185211183,3.162663698196411,3.085289716720581,3.2598094940185547
Manual QuickSort,números,46.95369701385498,47.17943453788757,43.907896280288696,48.877947092056274
Manual QuickSort,strings,71.01525888442993,70.99382758140564,69.95065116882324,72.039559841156
NumPy,números,0.3923673629760742,0.391373872756958,0.38344359397888184,0.4014444351196289
NumPy,strings,18.002634954452514,17.84264850616455,17.394187688827515,18.649801015853882
Pandas,números,1.3388306617736816,1.3430628776550293,1.2864890098571777,1.3833787441253662
Pandas,strings,30.27495288848877,30.36050820350647,28.631619691848755,32.12916326522827
